,Слово,Кол-во употреблений,Коэффициент,Тональность
0,налог,148,"-0,71295",отрицательное
1,хороший,144,"1,0",положительное
2,можно,132,"1,0",положительное
3,жизнь,93,"0,8092",положительное
4,знать,81,"0,6905",положительное
5,друг,78,"1,0",положительное
6,важный,76,"0,6818",положительное
7,думать,76,"0,6985",положительное
8,потом,70,"-0,6636500000000001",отрицательное
9,возможность,66,"0,9",положительное
10,поддержка,62,"1,0",положительное
11,продажа,59,"1,0",положительное
12,развитие,59,"1,0",положительное
13,идея,54,"0,7",положительное
14,жить,53,"0,8014",положительное
15,карантин,52,"-0,91205",отрицательное
16,конец,52,"-0,5263",отрицательное
17,интересный,51,"0,9231",положительное
18,нужный,50,"0,9828",положительное
19,налоговый,50,"-0,6418999999999999",отрицательное
20,доход,47,"1,0",положительное
21,пандемия,45,"-0,9914000000000001",отрицательное
22,смочь,43,"0,7405",положительное
23,последний,42,"-0,5403",отрицательное
24,помочь,41,"1,0",положительное
25,кредит,38,"-0,73895",отрицательное
26,зарплата,37,"-0,95",отрицательное
27,проблема,37,"-0,9722",отрицательное
28,создавать,37,"0,9643",положительное
29,любить,37,"1,0",положительное
30,опыт,37,"0,8478",положительное
31,вместе,36,"0,66",положительное
32,требование,36,"-0,5147",отрицательное
33,сложный,35,"-0,6125",отрицательное
34,помощь,33,"1,0",положительное
35,выручка,32,"0,9",положительное
36,правда,32,"0,7266",положительное
37,открытие,31,"1,0",положительное
38,прибыль,31,"1,0",положительное
39,нельзя,31,"-1,0",отрицательное
40,расход,30,"-0,75",отрицательное
41,понять,30,"0,8023",положительное
42,против,28,"-1,0",отрицательное
43,обучение,28,"0,8077",положительное
44,открыть,27,"1,0",положительное
45,наконец,27,"1,0",положительное
46,никогда,27,"-0,792",отрицательное
47,кризис,27,"-1,0",отрицательное
48,помогать,27,"1,0",положительное
49,создать,26,"0,7143",положительное
50,расти,26,"0,7",положительное
51,суд,25,"-0,6132",отрицательное
52,технология,24,"0,6892",положительное
53,сильный,23,"1,0",положительное
54,крутой,23,"0,9545",положительное
55,ошибка,22,"-0,9905999999999999",отрицательное
56,получиться,22,"0,8628",положительное
57,красота,22,"1,0",положительное
58,любовь,22,"1,0",положительное
59,верить,22,"0,8226",положительное
60,мастер,22,"0,9643",положительное
61,штраф,21,"-0,96875",отрицательное
62,желание,21,"0,6724",положительное
63,уйти,20,"-0,52275",отрицательное
64,успех,20,"1,0",положительное
65,полезный,20,"1,0",положительное
66,развивать,20,"1,0",положительное
67,безопасность,20,"0,9643",положительное
68,долг,20,"-0,6797",отрицательное
69,открытый,19,"1,0",положительное
70,чиновник,19,"-0,6674",отрицательное
71,ответственность,18,"0,9074",положительное
72,потерять,18,"-0,95",отрицательное
73,поддерживать,18,"1,0",положительное
74,образование,18,"0,9324",положительное
75,надеяться,18,"0,7734",положительное
76,труд,17,"0,7791",положительное
77,книга,17,"0,775",положительное
78,получаться,17,"0,8421",положительное
79,лидер,17,"1,0",положительное
80,живой,17,"0,7258",положительное
81,снижение,17,"-0,7172000000000001",отрицательное
82,каникулы,17,"0,651",положительное
83,зарабатывать,16,"0,7941",положительное
84,понятный,16,"0,895",положительное
85,любимый,16,"1,0",положительное
86,зависеть,16,"-0,8484499999999999",отрицательное
87,закрытый,16,"-0,6447499999999999",отрицательное
88,успеть,16,"0,9265",положительное
89,потеря,16,"-1,0",отрицательное
90,сложно,16,"-1,0",отрицательное
91,требовать,15,"-0,62905",отрицательное
92,развиваться,15,"1,0",положительное
93,семья,15,"0,9828",положительное
94,качественный,15,"1,0",положительное
95,запускать,15,"1,0",положительное
96,запуск,15,"1,0",положительное
97,знание,15,"0,9",положительное
98,легко,14,"1,0",положительное
99,счастливый,14,"1,0",положительное
100,повышение,14,"0,9",положительное
101,падение,14,"-0,81665",отрицательное
102,радость,14,"1,0",положительное
103,концепция,14,"0,7",положительное
104,порядок,14,"0,75",положительное
105,делиться,14,"0,9857",положительное
106,родитель,14,"0,8534",положительное
107,настоящий,14,"0,7326",положительное
108,закрыть,14,"-0,5403",отрицательное
109,уметь,14,"0,9146",положительное
110,домашний,14,"0,6556",положительное
111,поделиться,14,"0,7373",положительное
112,ограничение,13,"-0,6810499999999999",отрицательное
113,добрый,13,"1,0",положительное
114,бояться,13,"-0,9722",отрицательное
115,учиться,13,"0,8846",положительное
116,красивый,13,"1,0",положительное
117,польза,13,"1,0",положительное
118,защита,13,"0,9231",положительное
119,гореть,12,"-0,67855",отрицательное
120,уникальный,12,"0,9",положительное
121,согласный,12,"0,6654",положительное
122,активный,12,"1,0",положительное
123,предел,12,"-0,57725",отрицательное
124,потратить,12,"-0,6875",отрицательное
125,конкурент,12,"-0,7101",отрицательное
126,прекрасный,12,"1,0",положительное
127,удовольствие,12,"1,0",положительное
128,профессиональный,12,"0,7377",положительное
129,страх,12,"-0,92145",отрицательное
130,стараться,12,"1,0",положительное
131,эффективный,12,"1,0",положительное
132,отличный,12,"1,0",положительное
133,отдых,12,"1,0",положительное
134,праздник,12,"1,0",положительное
135,хватить,12,"-0,5289999999999999",отрицательное
136,чёткий,12,"0,9091",положительное
137,тратить,12,"-0,6832499999999999",отрицательное
138,удобный,12,"1,0",положительное
139,доверие,12,"1,0",положительное
140,поддержать,12,"0,9643",положительное
141,пиццерия,12,"0,6667",положительное
142,классный,12,"1,0",положительное
143,правильный,11,"0,9",положительное
144,менее,11,"-0,55",отрицательное
145,забыть,11,"-0,76085",отрицательное
146,спорт,11,"0,7388",положительное
147,гордиться,11,"0,8727",положительное
148,счастие,11,"1,0",положительное
149,правительство,11,"-0,53885",отрицательное
150,жалоба,11,"-0,9078999999999999",отрицательное
151,отдыхать,11,"0,9828",положительное
152,чистый,11,"1,0",положительное
153,мечта,11,"1,0",положительное
154,супер,11,"1,0",положительное
155,сотрудничество,11,"0,9194",положительное
156,умереть,10,"-0,87185",отрицательное
157,нагрузка,10,"-0,63915",отрицательное
158,затрата,10,"-0,81755",отрицательное
159,банкротство,10,"-1,0",отрицательное
160,комфортный,10,"1,0",положительное
161,заработать,10,"0,9",положительное
162,старое,10,"-0,5403",отрицательное
163,ценность,10,"1,0",положительное
164,страшный,10,"-0,95",отрицательное
165,плохой,10,"-1,0",отрицательное
166,благодарный,10,"1,0",положительное
167,закрытие,10,"-0,51785",отрицательное
168,вера,10,"0,9231",положительное
169,реализация,10,"0,6964",положительное
170,упасть,10,"-0,95",отрицательное
171,достигнуть,10,"1,0",положительное
172,перестать,10,"-0,5338",отрицательное
173,здоровый,10,"1,0",положительное
174,здоровье,10,"0,9",положительное
175,пустой,10,"-0,66605",отрицательное
176,растить,10,"0,675",положительное
177,булочка,10,"0,7632",положительное
178,выжить,9,"0,9059",положительное
179,тяжёлый,9,"-0,5909",отрицательное
180,улучшение,9,"1,0",положительное
181,нравиться,9,"1,0",положительное
182,спасательный,9,"0,9545",положительное
183,довольный,9,"1,0",положительное
184,помощник,9,"0,8672",положительное
185,рекомендовать,9,"0,7742",положительное
186,семейный,9,"0,9",положительное
187,мороженое,9,"0,9129999999999999",положительное
188,подарок,9,"1,0",положительное
189,удаться,9,"0,9231",положительное
190,свобода,9,"0,8588",положительное
191,лишний,9,"-0,77825",отрицательное
192,отсутствие,9,"-0,68045",отрицательное
193,приятный,9,"1,0",положительное
194,рождение,9,"0,8894",положительное
195,успешно,9,"1,0",положительное
196,добро,9,"1,0",положительное
197,музыка,9,"1,0",положительное
198,эксперт,9,"0,9146",положительное
199,радовать,9,"1,0",положительное
200,повезти,8,"0,8333",положительное
201,отпуск,8,"1,0",положительное
202,поверить,8,"0,6905",положительное
203,нижний,8,"-0,51085",отрицательное
204,яркий,8,"0,9615",положительное
205,прибыльный,8,"1,0",положительное
206,вирус,8,"-1,0",отрицательное
207,перспектива,8,"0,7051",положительное
208,активность,8,"0,8158",положительное
209,актуальный,8,"0,8",положительное
210,еда,8,"0,6799",положительное
211,отменять,8,"-0,7857000000000001",отрицательное
212,общаться,8,"0,6527",положительное
213,выгодный,8,"1,0",положительное
214,лайк,8,"1,0",положительное
215,спасти,8,"1,0",положительное
216,обязать,8,"-0,58205",отрицательное
217,враг,8,"-1,0",отрицательное
218,справиться,8,"1,0",положительное
219,фестиваль,8,"0,8361",положительное
220,экономить,8,"-1,0",отрицательное
221,закрыться,8,"-0,694",отрицательное
222,безопасный,8,"1,0",положительное
223,стимулирование,8,"0,7343",положительное
224,изучить,8,"0,6818",положительное
225,добиться,8,"1,0",положительное
226,вернуть,8,"0,708",положительное
227,забывать,8,"-0,75925",отрицательное
228,мама,8,"1,0",положительное
229,странный,8,"-0,5972",отрицательное
230,удобство,8,"1,0",положительное
231,ценить,8,"1,0",положительное
232,понравиться,8,"0,9643",положительное
233,рад,8,"1,0",положительное
234,позитивный,8,"1,0",положительное
235,заболеть,7,"-0,95",отрицательное
236,жёсткий,7,"-0,75415",отрицательное
237,надежда,7,"1,0",положительное
238,отменить,7,"-0,75425",отрицательное
239,продвижение,7,"1,0",положительное
240,восстановление,7,"0,9828",положительное
241,комфорт,7,"1,0",положительное
242,хватать,7,"-0,58655",отрицательное
243,закрываться,7,"-0,5403",отрицательное
244,забрать,7,"-0,5505",отрицательное
245,выиграть,7,"1,0",положительное
246,комиссия,7,"-0,55",отрицательное
247,сработать,7,"0,9643",положительное
248,топ,7,"1,0",положительное
249,льгота,7,"0,7727",положительное
250,благодарить,7,"1,0",положительное
251,налогообложение,7,"-0,75",отрицательное
252,брат,7,"0,75",положительное
253,свободный,7,"0,9304",положительное
254,риск,7,"-0,73295",отрицательное
255,пострадать,7,"-1,0",отрицательное
256,приходиться,7,"-0,5849500000000001",отрицательное
257,бабушка,7,"0,9247",положительное
258,слава,7,"0,7569",положительное
259,закрывать,7,"-1,0",отрицательное
260,изучать,7,"0,7689",положительное
261,мука,7,"-0,52575",отрицательное
262,единомышленник,7,"1,0",положительное
263,фирменный,7,"0,6532",положительное
264,тренировка,7,"0,7742",положительное
265,скидка,6,"0,9",положительное
266,договариваться,6,"0,9828",положительное
267,урезать,6,"-0,8289500000000001",отрицательное
268,плясать,6,"0,7437",положительное
269,запретить,6,"-0,8922",отрицательное
270,шанс,6,"1,0",положительное
271,молчать,6,"-0,50715",отрицательное
272,боль,6,"-1,0",отрицательное
273,сокращение,6,"-0,5221",отрицательное
274,задолженность,6,"-0,95",отрицательное
275,объяснить,6,"0,6985",положительное
276,согласиться,6,"0,8136",положительное
277,уверенный,6,"1,0",положительное
278,положительный,6,"1,0",положительное
279,лето,6,"0,9167",положительное
280,элитный,6,"0,9231",положительное
281,ошибаться,6,"-0,8016",отрицательное
282,достижение,6,"1,0",положительное
283,хвалить,6,"1,0",положительное
284,развлечение,6,"1,0",положительное
285,запрет,6,"-0,92855",отрицательное
286,усилие,6,"0,7",положительное
287,рада,6,"1,0",положительное
288,победа,6,"1,0",положительное
289,понедельник,6,"-0,5882499999999999",отрицательное
290,сожаление,6,"-0,55955",отрицательное
291,спокойный,6,"0,6583",положительное
292,обойтись,6,"-0,6198",отрицательное
293,награда,6,"1,0",положительное
294,слишком,6,"-0,66595",отрицательное
295,бонус,6,"1,0",положительное
296,вынудить,6,"-1,0",отрицательное
297,производить,6,"0,6549",положительное
298,продаваться,6,"-0,7348",отрицательное
299,неопределённость,6,"-0,55",отрицательное
300,кормить,6,"0,7143",положительное
301,нарушение,6,"-1,0",отрицательное
302,удобно,6,"1,0",положительное
303,тренинг,6,"1,0",положительное
304,ограничить,6,"-0,73495",отрицательное
305,узнавать,6,"0,9107",положительное
306,научиться,6,"1,0",положительное
307,успешный,6,"1,0",положительное
308,опытный,6,"1,0",положительное
309,идеально,6,"1,0",положительное
310,ценный,6,"1,0",положительное
311,отдохнуть,6,"1,0",положительное
312,вкусный,6,"1,0",положительное
313,идеальный,6,"1,0",положительное
314,завтрак,6,"0,7164",положительное
315,сотрудничать,6,"1,0",положительное
316,почитать,6,"0,8235",положительное
317,пожелание,6,"0,9",положительное
318,ипотека,6,"-0,6991499999999999",отрицательное
319,сложность,6,"-0,6689",отрицательное
320,мотивация,6,"1,0",положительное
321,понимание,6,"0,7846",положительное
322,срезать,5,"-0,55",отрицательное
323,сократить,5,"-0,5940000000000001",отрицательное
324,бывший,5,"-0,65335",отрицательное
325,спасение,5,"1,0",положительное
326,сказка,5,"0,9643",положительное
327,преимущество,5,"1,0",положительное
328,война,5,"-1,0",отрицательное
329,мешать,5,"-0,90715",отрицательное
330,указывать,5,"-0,539",отрицательное
331,надоесть,5,"-1,0",отрицательное
332,блокировка,5,"-0,7043999999999999",отрицательное
333,вина,5,"-1,0",отрицательное
334,полноценный,5,"1,0",положительное
335,гарантировать,5,"0,8077",положительное
336,кризисный,5,"-1,0",отрицательное
337,искусство,5,"0,9643",положительное
338,занять,5,"-0,58175",отрицательное
339,удаваться,5,"1,0",положительное
340,враньё,5,"-1,0",отрицательное
341,трагедия,5,"-1,0",отрицательное
342,обожать,5,"1,0",положительное
343,восторг,5,"1,0",положительное
344,тёплый,5,"0,9828",положительное
345,герой,5,"1,0",положительное
346,терять,5,"-0,96155",отрицательное
347,привлекать,5,"0,7781",положительное
348,сомневаться,5,"-0,6317999999999999",отрицательное
349,игнорировать,5,"-0,8508",отрицательное
350,ударить,5,"-0,95",отрицательное
351,вопреки,5,"-0,5566",отрицательное
352,сэкономить,5,"0,6797",положительное
353,бесплатный,5,"0,8697",положительное
354,ненужный,5,"-0,8686499999999999",отрицательное
355,простить,5,"1,0",положительное
356,угроза,5,"-1,0",отрицательное
357,объесть,5,"-0,8200000000000001",отрицательное
358,актив,5,"0,8859999999999999",положительное
359,дыра,5,"-0,67455",отрицательное
360,отказ,5,"-0,9597",отрицательное
361,стимулировать,5,"0,7105",положительное
362,защитить,5,"0,9828",положительное
363,разработать,5,"0,6818",положительное
364,богатый,5,"0,75",положительное
365,истинный,5,"0,9444",положительное
366,убить,5,"-1,0",отрицательное
367,хаос,5,"-0,9559",отрицательное
368,отказаться,5,"-0,8326",отрицательное
369,научить,5,"0,7031",положительное
370,паника,5,"-1,0",отрицательное
371,поздравить,5,"1,0",положительное
372,справляться,5,"0,9059",положительное
373,трудный,5,"-0,8472",отрицательное
374,трудность,5,"-0,8090999999999999",отрицательное
375,нерв,5,"-1,0",отрицательное
376,славить,5,"0,9",положительное
377,молодость,5,"0,9681",положительное
378,чудесный,5,"1,0",положительное
379,наслаждаться,5,"1,0",положительное
380,пожаловать,5,"0,7018",положительное
381,доверять,5,"1,0",положительное
382,наоборот,5,"-0,5303",отрицательное
383,партнерство,5,"0,9444",положительное
384,загрузка,5,"-0,5086",отрицательное
385,умный,5,"1,0",положительное
386,профессионал,5,"1,0",положительное
387,образовательный,5,"0,9194",положительное
388,терпение,5,"0,6818",положительное
389,аналитик,5,"0,9146",положительное
390,обратный,5,"-0,5427",отрицательное
391,улучшать,5,"1,0",положительное
392,наладить,5,"1,0",положительное
393,ограниченный,5,"-0,7201500000000001",отрицательное
394,приобрести,5,"0,6905",положительное
395,мощный,5,"0,9",положительное
396,суббота,5,"0,7435",положительное
397,вдохновлять,5,"1,0",положительное
398,зачёт,5,"0,75",положительное
399,пропустить,4,"-0,6066499999999999",отрицательное
400,рождаться,4,"0,6864",положительное
401,карантинный,4,"-0,92855",отрицательное
402,фастфуд,4,"-0,68605",отрицательное
403,парк,4,"0,688",положительное
404,убивать,4,"-1,0",отрицательное
405,разрешить,4,"0,7373",положительное
406,поздно,4,"-0,742",отрицательное
407,худой,4,"-0,5336",отрицательное
408,вестись,4,"-0,81155",отрицательное
409,способствовать,4,"0,6905",положительное
410,падать,4,"-0,81755",отрицательное
411,радужный,4,"1,0",положительное
412,вовремя,4,"0,9194",положительное
413,лечение,4,"0,9",положительное
414,неуплата,4,"-1,0",отрицательное
415,негативный,4,"-1,0",отрицательное
416,драйв,4,"0,9",положительное
417,смелый,4,"1,0",положительное
418,судить,4,"-0,7091000000000001",отрицательное
419,перевыполнить,4,"0,75",положительное
420,меньший,4,"-0,6317999999999999",отрицательное
421,неприятный,4,"-1,0",отрицательное
422,модный,4,"1,0",положительное
423,смерть,4,"-0,8577",отрицательное
424,угодный,4,"0,8301",положительное
425,увольнять,4,"-0,9564999999999999",отрицательное
426,обещание,4,"0,7105",положительное
427,тревога,4,"-0,9914000000000001",отрицательное
428,врать,4,"-1,0",отрицательное
429,компенсация,4,"0,7636",положительное
430,ответственный,4,"1,0",положительное
431,осознать,4,"0,7857",положительное
432,успевать,4,"1,0",положительное
433,адекватный,4,"1,0",положительное
434,туризм,4,"0,6716",положительное
435,подарить,4,"1,0",положительное
436,договориться,4,"0,6969",положительное
437,поздравлять,4,"1,0",положительное
438,заставить,4,"-0,9231",отрицательное
439,честный,4,"1,0",положительное
440,воля,4,"0,9167",положительное
441,увольнение,4,"-0,9152",отрицательное
442,наёмный,4,"-0,5561",отрицательное
443,вывести,4,"-0,52705",отрицательное
444,бить,4,"-0,95",отрицательное
445,депрессия,4,"-1,0",отрицательное
446,судебный,4,"-0,5278",отрицательное
447,достойный,4,"1,0",положительное
448,коронакризис,4,"-1,0",отрицательное
449,обеспечение,4,"0,6532",положительное
450,надёжный,4,"1,0",положительное
451,подтверждать,4,"0,6667",положительное
452,коронабесный,4,"-1,0",отрицательное
453,малыш,4,"1,0",положительное
454,чтение,4,"0,6951",положительное
455,больной,4,"-0,51165",отрицательное
456,жажда,4,"-0,81955",отрицательное
457,искренний,4,"1,0",положительное
458,некогда,4,"-0,66465",отрицательное
459,пахать,4,"-0,54255",отрицательное
460,выдержать,4,"0,7059",положительное
461,тёмный,4,"-0,7087",отрицательное
462,путешествие,4,"0,804",положительное
463,пригласить,4,"0,6532",положительное
464,благодарность,4,"1,0",положительное
465,страшно,4,"-1,0",отрицательное
466,сердце,4,"0,6838",положительное
467,постараться,4,"1,0",положительное
468,вынужденный,4,"-0,82465",отрицательное
469,переделывать,4,"-0,56115",отрицательное
470,устать,4,"-0,79445",отрицательное
471,батюшка,4,"1,0",положительное
472,светлый,4,"0,9828",положительное
473,выпить,4,"-0,5103",отрицательное
474,бросить,4,"-0,6474500000000001",отрицательное
475,верный,4,"1,0",положительное
476,наставник,4,"0,9194",положительное
477,разрешение,4,"0,8023",положительное
478,соблюдение,4,"0,9118",положительное
479,убыток,4,"-1,0",отрицательное
480,заслужить,4,"0,8590000000000001",положительное
481,насыщенный,4,"0,9286",положительное
482,мечтать,4,"1,0",положительное
483,обучать,4,"0,9",положительное
484,мотивировать,4,"0,9643",положительное
485,обед,4,"0,6628",положительное
486,невозможный,4,"-0,7544500000000001",отрицательное
487,вклад,4,"0,6532",положительное
488,согласование,4,"0,6707",положительное
489,потенциал,4,"1,0",положительное
490,непростой,4,"-0,58",отрицательное
491,кредитор,4,"-0,625",отрицательное
492,знакомиться,4,"0,6774",положительное
493,че,4,"-0,6926",отрицательное
494,роскошный,4,"1,0",положительное
495,дышать,4,"0,6667",положительное
496,кидать,3,"-0,60525",отрицательное
497,уволить,3,"-0,97725",отрицательное
498,согласие,3,"1,0",положительное
499,болеть,3,"-0,9821500000000001",отрицательное
500,лечить,3,"0,9",положительное
501,жаловаться,3,"-0,938",отрицательное
502,дырка,3,"-0,57675",отрицательное
503,логичный,3,"0,7143",положительное
504,жениться,3,"0,7696",положительное
505,восстанавливаться,3,"0,9",положительное
506,нестабильный,3,"-1,0",отрицательное
507,мыслить,3,"0,9118",положительное
508,ограничительный,3,"-0,67935",отрицательное
509,весёлый,3,"1,0",положительное
510,снести,3,"-0,6578999999999999",отрицательное
511,коррупция,3,"-1,0",отрицательное
512,заблокировать,3,"-0,9029",отрицательное
513,препятствие,3,"-0,9914000000000001",отрицательное
514,связанный,3,"-0,53555",отрицательное
515,заставлять,3,"-0,9569",отрицательное
516,зависимость,3,"-0,95705",отрицательное
517,чудо,3,"1,0",положительное
518,просторный,3,"0,9",положительное
519,бомба,3,"-0,95",отрицательное
520,побеждать,3,"1,0",положительное
521,пропасть,3,"-0,85",отрицательное
522,гибель,3,"-1,0",отрицательное
523,родной,3,"1,0",положительное
524,доложить,3,"-0,5945499999999999",отрицательное
525,авария,3,"-1,0",отрицательное
526,жена,3,"0,6885",положительное
527,неправда,3,"-1,0",отрицательное
528,рассрочка,3,"-0,5597000000000001",отрицательное
529,шум,3,"-0,7097",отрицательное
530,влюбить,3,"0,9",положительное
531,запах,3,"0,6818",положительное
532,дружить,3,"1,0",положительное
533,заслуга,3,"1,0",положительное
534,протокол,3,"-0,51785",отрицательное
535,предупреждение,3,"-0,59675",отрицательное
536,переживать,3,"-0,7174",отрицательное
537,отчитаться,3,"-0,5448500000000001",отрицательное
538,конфликт,3,"-1,0",отрицательное
539,заканчиваться,3,"-0,5086",отрицательное
540,отстоять,3,"1,0",положительное
541,неполный,3,"-0,5403",отрицательное
542,нарушить,3,"-1,0",отрицательное
543,идеал,3,"0,9706",положительное
544,терпеть,3,"-0,6597",отрицательное
545,бойкот,3,"-0,95835",отрицательное
546,высказать,3,"-0,56955",отрицательное
547,создаваться,3,"0,6818",положительное
548,освободить,3,"0,9375",положительное
549,жестокий,3,"-1,0",отрицательное
550,безработица,3,"-0,9573",отрицательное
551,смеяться,3,"0,9",положительное
552,коронаканикула,3,"-1,0",отрицательное
553,дробление,3,"-0,52275",отрицательное
554,инспекция,3,"-0,5645",отрицательное
555,здравоохранение,3,"0,6923",положительное
556,благоустройство,3,"1,0",положительное
557,льготный,3,"0,7435",положительное
558,попытаться,3,"0,7066",положительное
559,уменьшить,3,"-0,57255",отрицательное
560,защищать,3,"1,0",положительное
561,обязаловка,3,"-1,0",отрицательное
562,ступор,3,"-0,8491500000000001",отрицательное
563,разгребать,3,"-0,5548",отрицательное
564,просрочка,3,"-1,0",отрицательное
565,выигрывать,3,"1,0",положительное
566,еле,3,"-0,6005499999999999",отрицательное
567,уменьшение,3,"-0,5816",отрицательное
568,платиться,3,"-0,7244999999999999",отрицательное
569,выставлять,3,"-0,5214",отрицательное
570,выпадать,3,"-0,69285",отрицательное
571,спад,3,"-1,0",отрицательное
572,моральный,3,"0,7778",положительное
573,удовлетворение,3,"1,0",положительное
574,потрудиться,3,"0,9",положительное
575,непонимание,3,"-0,83995",отрицательное
576,туалетный,3,"-0,51665",отрицательное
577,прекратить,3,"-0,6731",отрицательное
578,папа,3,"0,8276",положительное
579,переть,3,"-0,7364999999999999",отрицательное
580,ленивый,3,"-1,0",отрицательное
581,адский,3,"-1,0",отрицательное
582,шедевр,3,"1,0",положительное
583,повысить,3,"0,7373",положительное
584,оговорка,3,"-0,68255",отрицательное
585,жадность,3,"-1,0",отрицательное
586,забота,3,"1,0",положительное
587,снизиться,3,"-0,7213",отрицательное
588,забить,3,"-0,75205",отрицательное
589,плюшка,3,"0,7075",положительное
590,супруг,3,"0,6885",положительное
591,вишенка,3,"0,8858",положительное
592,торт,3,"1,0",положительное
593,хрен,3,"-0,6214500000000001",отрицательное
594,ошибиться,3,"-0,9096500000000001",отрицательное
595,проигрывать,3,"-0,8848",отрицательное
596,рекордный,3,"0,9828",положительное
597,невыносимый,3,"-1,0",отрицательное
598,выгода,3,"0,9444",положительное
599,смешной,3,"0,9255",положительное
600,сюрприз,3,"0,9",положительное
601,преодолевать,3,"0,9",положительное
602,повесить,3,"-0,55",отрицательное
603,невероятный,3,"0,7437",положительное
604,дарить,3,"0,9643",положительное
605,близкий,3,"0,9231",положительное
606,изучение,3,"0,9324",положительное
607,негатив,3,"-1,0",отрицательное
608,фантазия,3,"0,732",положительное
609,удивить,3,"0,6905",положительное
610,обмануть,3,"-1,0",отрицательное
611,чужое,3,"-0,67275",отрицательное
612,отец,3,"0,6969",положительное
613,навязывать,3,"-1,0",отрицательное
614,предать,3,"-1,0",отрицательное
615,здравый,3,"1,0",положительное
616,шок,3,"-0,7562",отрицательное
617,лай,3,"-0,55105",отрицательное
618,свежий,3,"0,9",положительное
619,ограничиться,3,"-0,5952500000000001",отрицательное
620,отобрать,3,"-0,84665",отрицательное
621,дезинфекция,3,"0,6869",положительное
622,невозможность,3,"-0,8232999999999999",отрицательное
623,непонятный,3,"-0,7124999999999999",отрицательное
624,удача,3,"1,0",положительное
625,демократичный,3,"0,6869",положительное
626,рекорд,3,"0,9",положительное
627,новинка,3,"0,7",положительное
628,заинтересовать,3,"0,9194",положительное
629,найтись,3,"0,7689",положительное
630,родиться,3,"0,6898",положительное
631,продвигать,3,"0,7759",положительное
632,состояться,3,"0,675",положительное
633,резкий,3,"-0,6872499999999999",отрицательное
634,доделать,3,"1,0",положительное
635,неумение,3,"-0,9597",отрицательное
636,плач,3,"-0,9914000000000001",отрицательное
637,приличный,3,"1,0",положительное
638,порадовать,3,"1,0",положительное
639,ярмарка,3,"0,7119",положительное
640,радоваться,3,"1,0",положительное
641,испытание,3,"-0,5591",отрицательное
642,открытость,3,"0,9",положительное
643,дефицит,3,"-1,0",отрицательное
644,загнать,3,"-0,82725",отрицательное
645,волноваться,3,"-0,792",отрицательное
646,умение,3,"0,9146",положительное
647,уютный,3,"1,0",положительное
648,улыбаться,3,"1,0",положительное
649,сломить,3,"-0,9722",отрицательное
650,бой,3,"-0,7646999999999999",отрицательное
651,стремиться,3,"0,9129999999999999",положительное
652,провал,3,"-1,0",отрицательное
653,отказать,3,"-0,91825",отрицательное
654,десерт,3,"0,8697",положительное
655,уверенность,3,"1,0",положительное
656,познакомиться,3,"0,6969",положительное
657,приглашать,3,"0,7143",положительное
658,спортивный,3,"0,775",положительное
659,талантливый,3,"1,0",положительное
660,танец,3,"0,7437",положительное
661,танцевать,3,"0,815",положительное
662,старый,3,"-0,55275",отрицательное
663,грамотность,3,"0,9",положительное
664,перекос,3,"-0,8371500000000001",отрицательное
665,влево,3,"-0,5061",отрицательное
666,последствие,3,"-0,5351",отрицательное
667,захватывать,3,"-0,7616499999999999",отрицательное
668,культура,3,"0,8092",положительное
669,преграда,3,"-0,7578",отрицательное
670,изоляция,3,"-0,74595",отрицательное
671,выгорание,3,"-1,0",отрицательное
672,слабый,3,"-0,9914000000000001",отрицательное
673,солнце,3,"0,6654",положительное
674,бесценный,3,"0,9677",положительное
675,молодец,3,"1,0",положительное
676,превысить,3,"-0,6859",отрицательное
677,кредитный,3,"-0,7232000000000001",отрицательное
678,инвалид,3,"-0,7342500000000001",отрицательное
679,отстать,3,"-0,78125",отрицательное
680,чудить,3,"-0,5386",отрицательное
681,умерший,2,"-0,97725",отрицательное
682,вынос,2,"-0,58955",отрицательное
683,ужаться,2,"-0,7543500000000001",отрицательное
684,резко,2,"-0,6710499999999999",отрицательное
685,труп,2,"-0,95",отрицательное
686,привлекательный,2,"1,0",положительное
687,иммунитет,2,"0,9",положительное
688,снижать,2,"-0,625",отрицательное
689,сиська,2,"-0,5301",отрицательное
690,шикарный,2,"1,0",положительное
691,абсурдный,2,"-0,95",отрицательное
692,тупо,2,"-1,0",отрицательное
693,сыпаться,2,"-0,6285000000000001",отрицательное
694,шляпа,2,"-0,55",отрицательное
695,рисоваться,2,"-0,7133499999999999",отрицательное
696,равнодушный,2,"-0,7805500000000001",отрицательное
697,беспокоить,2,"-0,97095",отрицательное
698,пугать,2,"-1,0",отрицательное
699,снижаться,2,"-0,6695",отрицательное
700,вскрыть,2,"-0,5053",отрицательное
701,неизбежный,2,"-0,73935",отрицательное
702,отключение,2,"-0,6839",отрицательное
703,уничтожить,2,"-1,0",отрицательное
704,атака,2,"-0,8654",отрицательное
705,полнота,2,"-0,63635",отрицательное
706,товарищ,2,"0,9",положительное
707,болезнь,2,"-1,0",отрицательное
708,повиснуть,2,"-0,56965",отрицательное
709,азарт,2,"-0,5724",отрицательное
710,подозрение,2,"-0,89625",отрицательное
711,тонус,2,"0,7174",положительное
712,топовый,2,"1,0",положительное
713,безупречный,2,"1,0",положительное
714,завоёвывать,2,"-0,5309999999999999",отрицательное
715,сопротивляться,2,"-0,6701999999999999",отрицательное
716,воевать,2,"-0,9662",отрицательное
717,сиять,2,"0,9375",положительное
718,приоритет,2,"0,6933",положительное
719,хвастаться,2,"-0,9871",отрицательное
720,питаться,2,"0,684",положительное
721,злоба,2,"-1,0",отрицательное
722,послевкусие,2,"-0,6171500000000001",отрицательное
723,осилить,2,"0,9066",положительное
724,критика,2,"-0,6124499999999999",отрицательное
725,печальный,2,"-1,0",отрицательное
726,детство,2,"0,8256",положительное
727,голодный,2,"-1,0",отрицательное
728,заложить,2,"-0,5483",отрицательное
729,грех,2,"-1,0",отрицательное
730,трусость,2,"-0,9722",отрицательное
731,погибнуть,2,"-1,0",отрицательное
732,трусливый,2,"-1,0",отрицательное
733,виноватый,2,"-1,0",отрицательное
734,отрубать,2,"-0,95",отрицательное
735,недовольство,2,"-0,98",отрицательное
736,тюрьма,2,"-1,0",отрицательное
737,распоряжение,2,"-0,6232",отрицательное
738,спасатель,2,"1,0",положительное
739,критический,2,"-0,78935",отрицательное
740,досуг,2,"0,7364",положительное
741,возместить,2,"0,6818",положительное
742,грустный,2,"-0,92855",отрицательное
743,концерт,2,"0,7759",положительное
744,арест,2,"-1,0",отрицательное
745,проиграть,2,"-0,9564999999999999",отрицательное
746,благополучие,2,"1,0",положительное
747,веселиться,2,"1,0",положительное
748,ругать,2,"-1,0",отрицательное
749,честь,2,"1,0",положительное
750,вмешательство,2,"-0,7950999999999999",отрицательное
751,выгнать,2,"-1,0",отрицательное
752,компромисс,2,"0,7174",положительное
753,удачный,2,"1,0",положительное
754,грозить,2,"-1,0",отрицательное
755,тупик,2,"-0,8366",отрицательное
756,отрабатывать,2,"-0,50885",отрицательное
757,убийство,2,"-1,0",отрицательное
758,отписаться,2,"-0,7625",отрицательное
759,познаваться,2,"0,7241",положительное
760,недоумение,2,"-0,6841999999999999",отрицательное
761,разногласие,2,"-0,9597",отрицательное
762,отнять,2,"-0,9597",отрицательное
763,категорически,2,"-0,77",отрицательное
764,честность,2,"1,0",положительное
765,благосостояние,2,"0,9",положительное
766,взаимный,2,"0,6795",положительное
767,приятель,2,"0,9146",положительное
768,дёргаться,2,"-0,75745",отрицательное
769,продажный,2,"-1,0",отрицательное
770,разбить,2,"-0,9597",отрицательное
771,предъявить,2,"-0,6767000000000001",отрицательное
772,ругаться,2,"-1,0",отрицательное
773,стимул,2,"1,0",положительное
774,вооружение,2,"-0,724",отрицательное
775,впечатляющий,2,"1,0",положительное
776,выдавливать,2,"-0,58",отрицательное
777,захлебнуться,2,"-1,0",отрицательное
778,безумный,2,"-1,0",отрицательное
779,смелость,2,"1,0",положительное
780,недополучить,2,"-1,0",отрицательное
781,сестра,2,"0,6756",положительное
782,разъяснение,2,"0,6885",положительное
783,сократиться,2,"-0,55",отрицательное
784,лишиться,2,"-1,0",отрицательное
785,креатив,2,"0,9",положительное
786,неплохой,2,"0,7105",положительное
787,платный,2,"-0,6875",отрицательное
788,неэффективный,2,"-0,95",отрицательное
789,предусмотреть,2,"0,7377",положительное
790,поддержание,2,"0,6983",положительное
791,прощать,2,"0,9444",положительное
792,заключение,2,"-0,5593",отрицательное
793,слеза,2,"-0,63765",отрицательное
794,просрочить,2,"-1,0",отрицательное
795,борьба,2,"-0,6245499999999999",отрицательное
796,отрицательный,2,"-1,0",отрицательное
797,глупость,2,"-0,9335",отрицательное
798,крайний,2,"-0,5664",отрицательное
799,лезть,2,"-0,5847",отрицательное
800,ужас,2,"-1,0",отрицательное
801,смягчение,2,"0,7564",положительное
802,сомнительный,2,"-0,85975",отрицательное
803,претензия,2,"-0,89865",отрицательное
804,судиться,2,"-0,8682000000000001",отрицательное
805,психоз,2,"-1,0",отрицательное
806,скрытый,2,"-0,53845",отрицательное
807,разочарование,2,"-1,0",отрицательное
808,замедляться,2,"-0,5086",отрицательное
809,портить,2,"-1,0",отрицательное
810,реализоваться,2,"1,0",положительное
811,совесть,2,"0,85",положительное
812,экспертный,2,"0,9",положительное
813,превышение,2,"-0,6172",отрицательное
814,наказать,2,"-1,0",отрицательное
815,вылечить,2,"1,0",положительное
816,разделить,2,"-0,52585",отрицательное
817,творить,2,"0,8097",положительное
818,книжка,2,"0,684",положительное
819,пыль,2,"-0,79445",отрицательное
820,сладкий,2,"0,9",положительное
821,литература,2,"0,6517",положительное
822,рисковать,2,"-0,58065",отрицательное
823,разрываться,2,"-0,95",отрицательное
824,заморозить,2,"-0,5086",отрицательное
825,тупость,2,"-1,0",отрицательное
826,лишить,2,"-1,0",отрицательное
827,работоспособность,2,"0,9",положительное
828,способный,2,"1,0",положительное
829,замечательный,2,"1,0",положительное
830,почётный,2,"1,0",положительное
831,особенный,2,"0,7331",положительное
832,застрять,2,"-0,92275",отрицательное
833,рассвет,2,"0,708",положительное
834,отказываться,2,"-0,7841",отрицательное
835,пот,2,"-0,6636500000000001",отрицательное
836,неизвестность,2,"-0,55",отрицательное
837,расслабить,2,"0,657",положительное
838,успокоиться,2,"0,9167",положительное
839,посвящать,2,"0,9375",положительное
840,уникальность,2,"1,0",положительное
841,навык,2,"0,9146",положительное
842,теряться,2,"-1,0",отрицательное
843,злость,2,"-1,0",отрицательное
844,токсичный,2,"-0,9914000000000001",отрицательное
845,алкоголь,2,"-0,843",отрицательное
846,истина,2,"0,8468",положительное
847,ум,2,"0,7955",положительное
848,разумный,2,"1,0",положительное
849,недоработка,2,"-1,0",отрицательное
850,инфоцыган,2,"-1,0",отрицательное
851,сбываться,2,"0,8421",положительное
852,чуждый,2,"-0,8574999999999999",отрицательное
853,раб,2,"-0,98335",отрицательное
854,удивительный,2,"1,0",положительное
855,путать,2,"-0,8581",отрицательное
856,вредный,2,"-1,0",отрицательное
857,тормозить,2,"-0,6919500000000001",отрицательное
858,подъесть,2,"-0,5849",отрицательное
859,сгореть,2,"-0,92145",отрицательное
860,находка,2,"0,7301",положительное
861,преподаватель,2,"0,6944",положительное
862,отладить,2,"0,7091",положительное
863,продуктивный,2,"1,0",положительное
864,испачкать,2,"-0,9871",отрицательное
865,неподходящий,2,"-0,95",отрицательное
866,штрафовать,2,"-1,0",отрицательное
867,автомат,2,"-0,5547",отрицательное
868,сомнение,2,"-0,6699999999999999",отрицательное
869,просидеть,2,"-0,70885",отрицательное
870,алкогольный,2,"-0,843",отрицательное
871,медленный,2,"-0,62815",отрицательное
872,беда,2,"-1,0",отрицательное
873,жизнеспособный,2,"1,0",положительное
874,решиться,2,"0,6522",положительное
875,неблагодарный,2,"-1,0",отрицательное
876,уменьшиться,2,"-0,6129",отрицательное
877,сессия,2,"-0,66395",отрицательное
878,обучить,2,"0,9167",положительное
879,украшение,2,"0,9",положительное
880,заинтересоваться,2,"0,9194",положительное
881,стремление,2,"0,9828",положительное
882,докатиться,2,"-0,8686499999999999",отрицательное
883,исправить,2,"0,9",положительное
884,некомпетентность,2,"-1,0",отрицательное
885,мошенник,2,"-1,0",отрицательное
886,блок,2,"-0,51085",отрицательное
887,освободиться,2,"1,0",положительное
888,страдать,2,"-1,0",отрицательное
889,спохватываться,2,"-0,5201",отрицательное
890,внимательный,2,"0,9",положительное
891,прокормить,2,"0,7832",положительное
892,начинание,2,"0,7241",положительное
893,надзор,2,"-0,65385",отрицательное
894,отменный,2,"1,0",положительное
895,отклонение,2,"-0,8625",отрицательное
896,тупить,2,"-1,0",отрицательное
897,отшивать,2,"-0,95",отрицательное
898,значительный,2,"0,6892",положительное
899,приключение,2,"0,9",положительное
900,проспать,2,"-0,8905",отрицательное
901,массаж,2,"0,8478",положительное
902,противник,2,"-1,0",отрицательное
903,торопиться,2,"-0,5262",отрицательное
904,разрешать,2,"0,9",положительное
905,прогресс,2,"1,0",положительное
906,премия,2,"1,0",положительное
907,подходящий,2,"0,9194",положительное
908,зарядка,2,"0,7031",положительное
909,обижаться,2,"-0,9573",отрицательное
910,схватить,2,"-0,6384000000000001",отрицательное
911,популярный,2,"0,8119",положительное
912,совершенствование,2,"1,0",положительное
913,чемпион,2,"1,0",положительное
914,лёгкость,2,"1,0",положительное
915,вызов,2,"-0,5093",отрицательное
916,рок,2,"-0,55",отрицательное
917,спец,2,"0,9444",положительное
918,интересоваться,2,"0,7205",положительное
919,стресс,2,"-1,0",отрицательное
920,откровенный,2,"0,6931",положительное
921,перспективный,2,"1,0",положительное
922,смертельный,2,"-1,0",отрицательное
923,карусель,2,"0,6969",положительное
924,свадьба,2,"1,0",положительное
925,добиваться,2,"0,9",положительное
926,подтверждение,2,"0,7326",положительное
927,нетерпение,2,"-0,97725",отрицательное
928,талант,2,"1,0",положительное
929,торжество,2,"1,0",положительное
930,заслуживать,2,"0,7623",положительное
931,чистота,2,"1,0",положительное
932,творческий,2,"0,9118",положительное
933,инновация,2,"1,0",положительное
934,даться,2,"-0,5513",отрицательное
935,эго,2,"-0,60205",отрицательное
936,уговаривать,2,"-0,51045",отрицательное
937,завоевать,2,"-0,6371",отрицательное
938,вечеринка,2,"0,9375",положительное
939,одобрение,2,"1,0",положительное
940,раздражать,2,"-1,0",отрицательное
941,трата,2,"-0,8047",отрицательное
942,популярность,2,"0,6818",положительное
943,доверить,2,"0,9211",положительное
944,извинить,2,"1,0",положительное
945,оптимизм,2,"1,0",положительное
946,должник,2,"-0,95",отрицательное
947,устоять,2,"0,9444",положительное
948,прорваться,2,"1,0",положительное
949,превышать,2,"-0,77565",отрицательное
950,стратег,2,"0,6504",положительное
951,бомбить,2,"-0,95",отрицательное
952,дружеский,2,"1,0",положительное
953,сдаться,2,"-0,9028",отрицательное
954,затрудняться,2,"-0,76135",отрицательное
955,пошатнуться,2,"-0,6245",отрицательное
956,столкнуться,2,"-0,62785",отрицательное
957,профессионализм,2,"1,0",положительное
958,цирк,2,"0,743",положительное
959,вдохновить,2,"1,0",положительное
960,устарелый,2,"-0,7345999999999999",отрицательное
961,экзамен,2,"-0,59915",отрицательное
962,кайф,2,"1,0",положительное
963,праздновать,2,"1,0",положительное
964,интересовать,2,"0,66",положительное
965,избавиться,2,"-0,6933",отрицательное
966,заботиться,2,"1,0",положительное
967,ясный,2,"0,9",положительное
968,наступление,2,"-0,6308499999999999",отрицательное
969,легальный,2,"1,0",положительное
970,оперативность,2,"0,7957",положительное
971,разнообразие,2,"0,7636",положительное
972,лох,2,"-1,0",отрицательное
973,движуха,2,"0,9231",положительное
974,битва,2,"-0,9195",отрицательное
975,эксклюзивный,2,"0,6639",положительное
976,признание,2,"0,9118",положительное
977,родина,2,"0,9124",положительное
978,пейзаж,2,"0,688",положительное
979,состоятельный,2,"1,0",положительное
980,гарантия,2,"0,8684",положительное
981,хлопоты,2,"-0,66595",отрицательное
982,выставить,2,"-0,5882499999999999",отрицательное
983,отойти,2,"-0,5448500000000001",отрицательное
984,опоздать,2,"-0,9853000000000001",отрицательное
985,действенный,2,"0,9",положительное
986,кредитование,2,"-0,73895",отрицательное
987,пялиться,2,"-1,0",отрицательное
988,накручивать,2,"-0,708",отрицательное
989,тяжесть,2,"-0,7463",отрицательное
990,печаль,2,"-1,0",отрицательное
991,медаль,2,"0,9",положительное
992,трепать,2,"-0,8084",отрицательное
993,посмеяться,2,"0,8158",положительное
994,излишний,2,"-0,7962",отрицательное
995,волнение,2,"-0,6081000000000001",отрицательное
996,прелесть,2,"1,0",положительное
997,доносить,2,"-0,8602000000000001",отрицательное
998,рутина,2,"-0,8311",отрицательное
999,надёжность,2,"1,0",положительное
1000,настоящее,2,"0,7326",положительное
1001,вцепиться,2,"-0,8679",отрицательное
1002,компактный,2,"0,6563",положительное
1003,увлекательный,2,"1,0",положительное
1004,диплом,2,"0,6905",положительное
1005,сгущёнка,2,"0,6639",положительное
1006,справедливость,2,"1,0",положительное
1007,порадоваться,2,"1,0",положительное
1008,творчество,2,"0,9375",положительное
1009,вдохновение,2,"1,0",положительное
1010,тепло,2,"0,9194",положительное
1011,учёба,2,"0,8036",положительное
1012,вино,2,"-0,54275",отрицательное
1013,сертифицированный,2,"0,9444",положительное
1014,кинуть,1,"-0,7250000000000001",отрицательное
1015,заминировать,1,"-0,95",отрицательное
1016,стрелять,1,"-0,8145",отрицательное
1017,анекдот,1,"1,0",положительное
1018,профи,1,"1,0",положительное
1019,незначительный,1,"-0,5086",отрицательное
1020,задавить,1,"-1,0",отрицательное
1021,отсидеть,1,"-0,8625",отрицательное
1022,садик,1,"0,7266",положительное
1023,заразиться,1,"-0,9597",отрицательное
1024,целоваться,1,"0,9146",положительное
1025,разрушить,1,"-1,0",отрицательное
1026,заболевать,1,"-1,0",отрицательное
1027,безалаберность,1,"-1,0",отрицательное
1028,наложение,1,"-0,53235",отрицательное
1029,ухудшение,1,"-1,0",отрицательное
1030,спирт,1,"-0,6009",отрицательное
1031,тонуть,1,"-0,9914000000000001",отрицательное
1032,затыкать,1,"-0,81035",отрицательное
1033,уловка,1,"-0,7269",отрицательное
1034,толпа,1,"-0,6593",отрицательное
1035,дружный,1,"1,0",положительное
1036,позитив,1,"1,0",положительное
1037,оптимистичный,1,"1,0",положительное
1038,сохраниться,1,"0,9375",положительное
1039,умница,1,"1,0",положительное
1040,вывернуться,1,"-0,54325",отрицательное
1041,писаться,1,"-0,8128",отрицательное
1042,обсосать,1,"-0,7",отрицательное
1043,отвлекаться,1,"-0,8024",отрицательное
1044,легендарный,1,"0,9231",положительное
1045,взрывать,1,"-0,9078999999999999",отрицательное
1046,артиллерия,1,"-0,55235",отрицательное
1047,исповедь,1,"0,9",положительное
1048,клубника,1,"0,66",положительное
1049,сожрать,1,"-0,95",отрицательное
1050,вишня,1,"0,7558",положительное
1051,заманить,1,"-0,71665",отрицательное
1052,грибок,1,"-0,8564499999999999",отрицательное
1053,комар,1,"-0,6182000000000001",отрицательное
1054,затянуть,1,"-0,60345",отрицательное
1055,тугой,1,"-0,6315999999999999",отрицательное
1056,ужесточение,1,"-1,0",отрицательное
1057,повисать,1,"-0,56965",отрицательное
1058,вырисовываться,1,"-0,6306",отрицательное
1059,подводить,1,"-0,8954500000000001",отрицательное
1060,неготовность,1,"-0,90385",отрицательное
1061,устранить,1,"-0,5909",отрицательное
1062,болезненный,1,"-1,0",отрицательное
1063,крах,1,"-1,0",отрицательное
1064,упустить,1,"-0,9527",отрицательное
1065,сбережение,1,"0,8654",положительное
1066,негодяй,1,"-1,0",отрицательное
1067,криминал,1,"-1,0",отрицательное
1068,модернизировать,1,"1,0",положительное
1069,развить,1,"0,9",положительное
1070,смастерить,1,"0,6707",положительное
1071,болото,1,"-0,7357499999999999",отрицательное
1072,преодолеть,1,"0,9643",положительное
1073,наркомания,1,"-0,9914000000000001",отрицательное
1074,доза,1,"-0,539",отрицательное
1075,драгоценность,1,"0,8644",положительное
1076,здравствовать,1,"1,0",положительное
1077,повторяться,1,"-0,55",отрицательное
1078,стёб,1,"-0,9821500000000001",отрицательное
1079,беременность,1,"0,657",положительное
1080,блокировать,1,"-0,825",отрицательное
1081,наказывать,1,"-1,0",отрицательное
1082,упрямиться,1,"-0,95",отрицательное
1083,нагнуть,1,"-0,6628499999999999",отрицательное
1084,расходный,1,"-0,625",отрицательное
1085,устойчивый,1,"0,7627",положительное
1086,непростительный,1,"-0,95",отрицательное
1087,рваться,1,"-0,63795",отрицательное
1088,насмехаться,1,"-1,0",отрицательное
1089,мастерство,1,"0,9",положительное
1090,ураган,1,"-0,9108499999999999",отрицательное
1091,налаживаться,1,"1,0",положительное
1092,блоха,1,"-0,8050999999999999",отрицательное
1093,свежесть,1,"1,0",положительное
1094,возрождаться,1,"0,8363",положительное
1095,культурный,1,"1,0",положительное
1096,отпугивать,1,"-0,7818",отрицательное
1097,охотиться,1,"-0,56795",отрицательное
1098,налюбоваться,1,"1,0",положительное
1099,высыпаться,1,"0,9",положительное
1100,практиковать,1,"1,0",положительное
1101,цыплёнок,1,"0,9",положительное
1102,сияние,1,"0,6527",положительное
1103,скупой,1,"-1,0",отрицательное
1104,обидеться,1,"-0,95",отрицательное
1105,печалиться,1,"-0,95895",отрицательное
1106,учредить,1,"1,0",положительное
1107,вдумываться,1,"0,6818",положительное
1108,продаться,1,"-1,0",отрицательное
1109,бесить,1,"-1,0",отрицательное
1110,ненависть,1,"-1,0",отрицательное
1111,атомный,1,"-0,5849500000000001",отрицательное
1112,утонуть,1,"-1,0",отрицательное
1113,разворовать,1,"-1,0",отрицательное
1114,прощание,1,"-0,54385",отрицательное
1115,потревожить,1,"-0,96155",отрицательное
1116,экстренный,1,"-0,6423000000000001",отрицательное
1117,пожертвовать,1,"0,9906",положительное
1118,хорошеть,1,"1,0",положительное
1119,мучительный,1,"-1,0",отрицательное
1120,побояться,1,"-0,8421000000000001",отрицательное
1121,расстрелять,1,"-1,0",отрицательное
1122,грозный,1,"-0,99015",отрицательное
1123,расхлёбывать,1,"-0,93085",отрицательное
1124,победить,1,"1,0",положительное
1125,благодетель,1,"1,0",положительное
1126,ликовать,1,"1,0",положительное
1127,отгородиться,1,"-0,7261",отрицательное
1128,расстреливать,1,"-0,9314",отрицательное
1129,роковой,1,"-0,8285",отрицательное
1130,аварийный,1,"-1,0",отрицательное
1131,учение,1,"0,9643",положительное
1132,трагический,1,"-1,0",отрицательное
1133,подаваться,1,"-0,58",отрицательное
1134,ядерный,1,"-0,6938500000000001",отрицательное
1135,заглушить,1,"-0,7097",отрицательное
1136,траур,1,"-1,0",отрицательное
1137,ложь,1,"-1,0",отрицательное
1138,исправный,1,"1,0",положительное
1139,драгоценный,1,"1,0",положительное
1140,приобретение,1,"0,6859999999999999",положительное
1141,неравнодушный,1,"1,0",положительное
1142,кинотеатр,1,"0,7258",положительное
1143,преступник,1,"-1,0",отрицательное
1144,мать,1,"0,9231",положительное
1145,спустить,1,"-0,55",отрицательное
1146,фас,1,"-0,6281",отрицательное
1147,презирать,1,"-1,0",отрицательное
1148,гнать,1,"-0,8482000000000001",отрицательное
1149,хрупкий,1,"-0,55",отрицательное
1150,спасительный,1,"1,0",положительное
1151,наладиться,1,"1,0",положительное
1152,валиться,1,"-0,6859",отрицательное
1153,усталость,1,"-0,8362",отрицательное
1154,обниматься,1,"1,0",положительное
1155,пронзительный,1,"-0,525",отрицательное
1156,шоколад,1,"0,9643",положительное
1157,толковый,1,"0,9",положительное
1158,влюбляться,1,"1,0",положительное
1159,заталкивать,1,"-0,55",отрицательное
1160,похвала,1,"1,0",положительное
1161,небезразличный,1,"1,0",положительное
1162,выключить,1,"-0,6284000000000001",отрицательное
1163,заткнуть,1,"-0,8508",отрицательное
1164,вырисоваться,1,"-0,54255",отрицательное
1165,кошмарить,1,"-1,0",отрицательное
1166,непосильный,1,"-0,90715",отрицательное
1167,уволиться,1,"-0,7334499999999999",отрицательное
1168,воскресный,1,"0,6692",положительное
1169,пробить,1,"-0,6604",отрицательное
1170,взвалить,1,"-0,7974",отрицательное
1171,развлекательный,1,"0,8947",положительное
1172,сдвинуться,1,"-0,51785",отрицательное
1173,сносить,1,"-0,7416",отрицательное
1174,лишаться,1,"-0,96875",отрицательное
1175,снос,1,"-0,70285",отрицательное
1176,абсурдность,1,"-1,0",отрицательное
1177,непреодолимый,1,"-0,6373500000000001",отрицательное
1178,проблемный,1,"-0,95",отрицательное
1179,депутат,1,"-0,55405",отрицательное
1180,результативный,1,"0,9",положительное
1181,пригодиться,1,"0,9444",положительное
1182,сглаз,1,"-1,0",отрицательное
1183,переполненный,1,"-0,6132",отрицательное
1184,безумие,1,"-0,95",отрицательное
1185,беспредельный,1,"-0,8545499999999999",отрицательное
1186,несчастный,1,"-1,0",отрицательное
1187,издевательство,1,"-1,0",отрицательное
1188,подруга,1,"1,0",положительное
1189,осиливать,1,"0,75",положительное
1190,нуждаться,1,"-0,5963",отрицательное
1191,уважительный,1,"1,0",положительное
1192,грызть,1,"-0,6219",отрицательное
1193,удалять,1,"-0,6353",отрицательное
1194,уважение,1,"1,0",положительное
1195,подделать,1,"-0,99285",отрицательное
1196,дисциплинировать,1,"0,9",положительное
1197,непродуманный,1,"-0,92455",отрицательное
1198,усыновить,1,"0,7185",положительное
1199,внятный,1,"0,8759999999999999",положительное
1200,наглый,1,"-0,9853000000000001",отрицательное
1201,исправляться,1,"1,0",положительное
1202,истеричный,1,"-1,0",отрицательное
1203,бедный,1,"-0,95835",отрицательное
1204,бесконтрольный,1,"-1,0",отрицательное
1205,убыль,1,"-1,0",отрицательное
1206,бессмысленный,1,"-0,8281499999999999",отрицательное
1207,плакать,1,"-0,8300000000000001",отрицательное
1208,вынуждать,1,"-1,0",отрицательное
1209,переплачивать,1,"-0,92755",отрицательное
1210,престижный,1,"1,0",положительное
1211,исключить,1,"-0,6890000000000001",отрицательное
1212,однодневка,1,"-0,6005",отрицательное
1213,ворчать,1,"-1,0",отрицательное
1214,грязный,1,"-1,0",отрицательное
1215,допрос,1,"-0,8679",отрицательное
1216,заваливать,1,"-0,7827999999999999",отрицательное
1217,некуда,1,"-0,6962999999999999",отрицательное
1218,задушить,1,"-1,0",отрицательное
1219,неверие,1,"-0,7537499999999999",отрицательное
1220,улыбнуться,1,"1,0",положительное
1221,решительность,1,"1,0",положительное
1222,принудительный,1,"-0,9642999999999999",отрицательное
1223,подвергнуть,1,"-0,75385",отрицательное
1224,квитанция,1,"-0,5278",отрицательное
1225,чужак,1,"-0,875",отрицательное
1226,папочка,1,"0,9783",положительное
1227,маловероятный,1,"-0,55555",отрицательное
1228,взимание,1,"-0,7775000000000001",отрицательное
1229,злоупотребление,1,"-1,0",отрицательное
1230,шантаж,1,"-1,0",отрицательное
1231,успокоение,1,"0,9444",положительное
1232,волшебный,1,"1,0",положительное
1233,бездействие,1,"-0,8125",отрицательное
1234,порочный,1,"-1,0",отрицательное
1235,прекращение,1,"-0,625",отрицательное
1236,копеечный,1,"-0,6508",отрицательное
1237,дно,1,"-0,6622",отрицательное
1238,проломить,1,"-0,8125",отрицательное
1239,разорение,1,"-1,0",отрицательное
1240,давить,1,"-0,8013",отрицательное
1241,перевалить,1,"-0,51115",отрицательное
1242,рентабельность,1,"1,0",положительное
1243,вниз,1,"-0,5864499999999999",отрицательное
1244,непрозрачный,1,"-0,55",отрицательное
1245,провоцировать,1,"-1,0",отрицательное
1246,неразбериха,1,"-1,0",отрицательное
1247,нарушать,1,"-0,95",отрицательное
1248,сужение,1,"-0,60295",отрицательное
1249,вытеснение,1,"-0,8552500000000001",отрицательное
1250,уместный,1,"0,7957",положительное
1251,повышаться,1,"0,6951",положительное
1252,неотвратимость,1,"-0,6818",отрицательное
1253,рюмка,1,"-0,5730500000000001",отрицательное
1254,довести,1,"-0,5345",отрицательное
1255,затормаживать,1,"-0,75",отрицательное
1256,исчерпываться,1,"-0,631",отрицательное
1257,хмурый,1,"-0,96875",отрицательное
1258,затребовать,1,"-0,70835",отрицательное
1259,приуныть,1,"-1,0",отрицательное
1260,скрывать,1,"-0,8",отрицательное
1261,давка,1,"-1,0",отрицательное
1262,одобрить,1,"1,0",положительное
1263,соглашение,1,"0,9",положительное
1264,неповоротливый,1,"-0,9539500000000001",отрицательное
1265,неуклюжий,1,"-0,9539500000000001",отрицательное
1266,гаишник,1,"-0,51785",отрицательное
1267,разум,1,"1,0",положительное
1268,жрать,1,"-0,9742500000000001",отрицательное
1269,осваивать,1,"1,0",положительное
1270,ласковый,1,"1,0",положительное
1271,бодрый,1,"1,0",положительное
1272,прорыв,1,"0,7881",положительное
1273,утрачивать,1,"-1,0",отрицательное
1274,щедрость,1,"1,0",положительное
1275,облегчить,1,"1,0",положительное
1276,пыхтеть,1,"-0,6458999999999999",отрицательное
1277,выискивать,1,"-0,57145",отрицательное
1278,распилить,1,"-0,5529",отрицательное
1279,фига,1,"-0,85295",отрицательное
1280,прикрываться,1,"-0,57145",отрицательное
1281,ввязаться,1,"-0,9821500000000001",отрицательное
1282,неуверенный,1,"-0,8884000000000001",отрицательное
1283,испортить,1,"-1,0",отрицательное
1284,пропаганда,1,"-0,8158000000000001",отрицательное
1285,диктатура,1,"-0,94645",отрицательное
1286,радуга,1,"1,0",положительное
1287,медицина,1,"0,7045",положительное
1288,гроб,1,"-0,8995500000000001",отрицательное
1289,заинтересованность,1,"0,9",положительное
1290,похвастаться,1,"-0,8182",отрицательное
1291,фальшь,1,"-1,0",отрицательное
1292,резать,1,"-0,5765",отрицательное
1293,завидовать,1,"-1,0",отрицательное
1294,ныть,1,"-0,9722",отрицательное
1295,бастовать,1,"-0,9597",отрицательное
1296,подсесть,1,"-0,5734",отрицательное
1297,наезд,1,"-1,0",отрицательное
1298,отжать,1,"-0,8508",отрицательное
1299,обвинение,1,"-1,0",отрицательное
1300,педофилия,1,"-1,0",отрицательное
1301,инфаркт,1,"-1,0",отрицательное
1302,выучить,1,"0,657",положительное
1303,нашкодить,1,"-1,0",отрицательное
1304,грязь,1,"-1,0",отрицательное
1305,влезть,1,"-0,6766000000000001",отрицательное
1306,рваный,1,"-0,86205",отрицательное
1307,позвякивать,1,"-0,55",отрицательное
1308,напевать,1,"0,677",положительное
1309,притворный,1,"-0,88805",отрицательное
1310,отчаяние,1,"-1,0",отрицательное
1311,фантастический,1,"0,9",положительное
1312,хоронить,1,"-0,95",отрицательное
1313,мрачный,1,"-1,0",отрицательное
1314,галлюцинация,1,"-0,8895500000000001",отрицательное
1315,противоположность,1,"-0,55355",отрицательное
1316,врач,1,"0,7619",положительное
1317,ветеринар,1,"0,6707",положительное
1318,неуязвимый,1,"0,8762",положительное
1319,армия,1,"-0,5524",отрицательное
1320,извинение,1,"0,9052",положительное
1321,простуда,1,"-1,0",отрицательное
1322,укусить,1,"-0,875",отрицательное
1323,нападать,1,"-0,9737",отрицательное
1324,уголовник,1,"-1,0",отрицательное
1325,отвратительный,1,"-1,0",отрицательное
1326,скверный,1,"-1,0",отрицательное
1327,пообедать,1,"0,9231",положительное
1328,учёный,1,"0,9",положительное
1329,чума,1,"-0,9914000000000001",отрицательное
1330,пессимистический,1,"-1,0",отрицательное
1331,оптимистка,1,"1,0",положительное
1332,непредвиденный,1,"-0,7021999999999999",отрицательное
1333,мажор,1,"-0,67795",отрицательное
1334,подбодрить,1,"1,0",положительное
1335,накатить,1,"-0,60835",отрицательное
1336,липкий,1,"-0,6976",отрицательное
1337,противный,1,"-1,0",отрицательное
1338,биться,1,"-0,72785",отрицательное
1339,восстановить,1,"1,0",положительное
1340,признать,1,"0,7195",положительное
1341,повториться,1,"-0,5102",отрицательное
1342,наваливаться,1,"-0,7807",отрицательное
1343,нечеловеческий,1,"-0,8629",отрицательное
1344,божеский,1,"0,9",положительное
1345,хаус,1,"-0,7604500000000001",отрицательное
1346,оптимизация,1,"1,0",положительное
1347,издержка,1,"-0,81755",отрицательное
1348,впустую,1,"-0,93635",отрицательное
1349,утекать,1,"-0,5718000000000001",отрицательное
1350,ерунда,1,"-0,84755",отрицательное
1351,опустошать,1,"-0,8110999999999999",отрицательное
1352,скандал,1,"-1,0",отрицательное
1353,ссора,1,"-0,9914000000000001",отрицательное
1354,вежливость,1,"1,0",положительное
1355,вооружиться,1,"-0,54115",отрицательное
1356,устремление,1,"0,9118",положительное
1357,знаток,1,"1,0",положительное
1358,сувенир,1,"0,7373",положительное
1359,разминка,1,"0,804",положительное
1360,недобросовестный,1,"-1,0",отрицательное
1361,перебить,1,"-0,9722",отрицательное
1362,ведать,1,"0,8455",положительное
1363,гнуть,1,"-0,55",отрицательное
1364,солнышко,1,"1,0",положительное
1365,доставать,1,"-0,6681999999999999",отрицательное
1366,злодей,1,"-1,0",отрицательное
1367,рубить,1,"-0,56975",отрицательное
1368,ведьмак,1,"-0,62785",отрицательное
1369,великий,1,"0,9231",положительное
1370,заклинить,1,"-0,84615",отрицательное
1371,разойтись,1,"-0,6578999999999999",отрицательное
1372,отрезать,1,"-0,5921",отрицательное
1373,лживый,1,"-1,0",отрицательное
1374,ограбить,1,"-1,0",отрицательное
1375,нытик,1,"-1,0",отрицательное
1376,паникёр,1,"-1,0",отрицательное
1377,сорваться,1,"-1,0",отрицательное
1378,покорить,1,"0,731",положительное
1379,неспособный,1,"-0,9722",отрицательное
1380,лавина,1,"-0,8285",отрицательное
1381,отремонтировать,1,"0,6774",положительное
1382,позор,1,"-1,0",отрицательное
1383,изгнать,1,"-1,0",отрицательное
1384,обидчик,1,"-1,0",отрицательное
1385,хранительница,1,"0,9066",положительное
1386,вред,1,"-1,0",отрицательное
1387,сгнить,1,"-1,0",отрицательное
1388,развалина,1,"-0,7795",отрицательное
1389,бесполезный,1,"-1,0",отрицательное
1390,зарядиться,1,"1,0",положительное
1391,спутница,1,"0,708",положительное
1392,бубнить,1,"-0,8587",отрицательное
1393,пир,1,"0,9848",положительное
1394,сирота,1,"-0,8815999999999999",отрицательное
1395,накормить,1,"1,0",положительное
1396,оригинальный,1,"0,9",положительное
1397,запросто,1,"0,6842",положительное
1398,сближать,1,"0,7832",положительное
1399,пикник,1,"0,9129999999999999",положительное
1400,сплотить,1,"1,0",положительное
1401,выпихнуть,1,"-0,875",отрицательное
1402,осложнить,1,"-0,95",отрицательное
1403,нарушитель,1,"-1,0",отрицательное
1404,охота,1,"-0,63235",отрицательное
1405,понимающе,1,"1,0",положительное
1406,драконовский,1,"-0,8077",отрицательное
1407,загонять,1,"-0,68665",отрицательное
1408,выслушивать,1,"0,8243",положительное
1409,невиновность,1,"0,8571",положительное
1410,уничтожение,1,"-0,96155",отрицательное
1411,противоречить,1,"-0,8362",отрицательное
1412,прогнуться,1,"-0,78835",отрицательное
1413,эволюция,1,"0,7973",положительное
1414,заточение,1,"-1,0",отрицательное
1415,изголодаться,1,"-0,92855",отрицательное
1416,новогодний,1,"1,0",положительное
1417,недобрый,1,"-1,0",отрицательное
1418,зажимать,1,"-0,55",отрицательное
1419,выбить,1,"-0,8040499999999999",отрицательное
1420,прорабатывать,1,"0,9474",положительное
1421,выстреливать,1,"-0,7097",отрицательное
1422,протолкнуться,1,"-0,51015",отрицательное
1423,выстрелить,1,"-0,7342500000000001",отрицательное
1424,отказывать,1,"-0,83985",отрицательное
1425,обновка,1,"0,9167",положительное
1426,объедаться,1,"-0,9762",отрицательное
1427,укрепить,1,"1,0",положительное
1428,выстрел,1,"-0,8161",отрицательное
1429,мягкий,1,"0,7273",положительное
1430,прогрессивный,1,"1,0",положительное
1431,высококачественный,1,"1,0",положительное
1432,конкурентка,1,"-0,91815",отрицательное
1433,освоение,1,"0,8136",положительное
1434,плоский,1,"-0,5403",отрицательное
1435,задерживать,1,"-0,74255",отрицательное
1436,задержать,1,"-0,6976",отрицательное
1437,пустовать,1,"-0,6919500000000001",отрицательное
1438,разрушать,1,"-1,0",отрицательное
1439,удаление,1,"-0,7",отрицательное
1440,героический,1,"1,0",положительное
1441,свалить,1,"-0,8303",отрицательное
1442,патриотка,1,"0,7070000000000001",положительное
1443,слабость,1,"-0,95895",отрицательное
1444,стопориться,1,"-0,89705",отрицательное
1445,отступить,1,"-0,69035",отрицательное
1446,тесный,1,"-0,8615999999999999",отрицательное
1447,увлечь,1,"0,7051",положительное
1448,авторитетный,1,"1,0",положительное
1449,сползание,1,"-0,6507000000000001",отрицательное
1450,чудовищный,1,"-1,0",отрицательное
1451,невыгодный,1,"-1,0",отрицательное
1452,ограничивать,1,"-0,7201500000000001",отрицательное
1453,грешить,1,"-1,0",отрицательное
1454,фиговый,1,"-1,0",отрицательное
1455,демотивировать,1,"-1,0",отрицательное
1456,вуз,1,"0,6743",положительное
1457,втайне,1,"-0,65315",отрицательное
1458,впихивать,1,"-0,68805",отрицательное
1459,терроризм,1,"-1,0",отрицательное
1460,затоптать,1,"-1,0",отрицательное
1461,тупой,1,"-0,9953000000000001",отрицательное
1462,изобрести,1,"0,7258",положительное
1463,башка,1,"-0,8357",отрицательное
1464,подыхать,1,"-1,0",отрицательное
1465,гол,1,"0,9444",положительное
1466,идиотский,1,"-1,0",отрицательное
1467,бредовый,1,"-1,0",отрицательное
1468,сочувствие,1,"1,0",положительное
1469,жертва,1,"-1,0",отрицательное
1470,неуверенность,1,"-0,84665",отрицательное
1471,впечатлять,1,"0,9079",положительное
1472,подачка,1,"-0,8400000000000001",отрицательное
1473,подтверждаться,1,"0,6842",положительное
1474,сдаваться,1,"-0,96155",отрицательное
1475,стадо,1,"-0,5543",отрицательное
1476,путешествовать,1,"1,0",положительное
1477,трясти,1,"-0,5184",отрицательное
1478,бессознательный,1,"-0,7381",отрицательное
1479,осудить,1,"-0,95",отрицательное
1480,увлекаться,1,"0,7377",положительное
1481,зависать,1,"-0,724",отрицательное
1482,пилить,1,"-0,57855",отрицательное
1483,воодушевлять,1,"1,0",положительное
1484,намертво,1,"-0,67855",отрицательное
1485,выручить,1,"1,0",положительное
1486,отлучиться,1,"-0,5086",отрицательное
1487,малышок,1,"0,6864",положительное
1488,посылать,1,"-0,5619",отрицательное
1489,лучик,1,"0,9",положительное
1490,обрадовать,1,"1,0",положительное
1491,скормить,1,"-1,0",отрицательное
1492,смышлёный,1,"1,0",положительное
1493,меньшинство,1,"-0,63795",отрицательное
1494,поседеть,1,"-0,7029000000000001",отрицательное
1495,радушный,1,"1,0",положительное
1496,упереть,1,"-0,7232000000000001",отрицательное
1497,патриотизм,1,"0,9433",положительное
1498,антибактериальный,1,"0,7091",положительное
1499,бактерия,1,"-0,5279",отрицательное
1500,микроб,1,"-0,5403",отрицательное
1501,спешка,1,"-0,7345999999999999",отрицательное
1502,настроиться,1,"0,8445",положительное
1503,священный,1,"1,0",положительное
1504,осознание,1,"0,9",положительное
1505,лечебный,1,"0,9286",положительное
1506,голодание,1,"-1,0",отрицательное
1507,очищение,1,"1,0",положительное
1508,отговорка,1,"-1,0",отрицательное
1509,неминуемый,1,"-0,73935",отрицательное
1510,усовершенствование,1,"1,0",положительное
1511,задаваться,1,"-0,6111",отрицательное
1512,незавершённый,1,"-0,76505",отрицательное
1513,удостоить,1,"0,8394",положительное
1514,мучить,1,"-1,0",отрицательное
1515,облегчать,1,"1,0",положительное
1516,оживать,1,"1,0",положительное
1517,энергичный,1,"1,0",положительное
1518,больничный,1,"-0,6734",отрицательное
1519,библиотека,1,"0,6654",положительное
1520,откликаться,1,"0,6923",положительное
1521,отнимать,1,"-0,95",отрицательное
1522,художественный,1,"0,7564",положительное
1523,живопись,1,"0,708",положительное
1524,бешенный,1,"-1,0",отрицательное
1525,господь,1,"0,684",положительное
1526,пошутить,1,"0,7162",положительное
1527,воспитывать,1,"0,7632",положительное
1528,ослаблять,1,"-0,51785",отрицательное
1529,выпучить,1,"-0,7",отрицательное
1530,искривить,1,"-0,8141",отрицательное
1531,ранить,1,"-0,9914000000000001",отрицательное
1532,сглазить,1,"-1,0",отрицательное
1533,чуткий,1,"1,0",положительное
1534,накидать,1,"-0,55",отрицательное
1535,самодисциплина,1,"1,0",положительное
1536,повеселиться,1,"1,0",положительное
1537,капкан,1,"-0,95",отрицательное
1538,расстраивать,1,"-1,0",отрицательное
1539,захватить,1,"-0,86025",отрицательное
1540,пионер,1,"0,6628",положительное
1541,совершенствоваться,1,"1,0",положительное
1542,осмыслить,1,"0,9",положительное
1543,улучшить,1,"1,0",положительное
1544,напряжение,1,"-0,7622",отрицательное
1545,панический,1,"-1,0",отрицательное
1546,покинуть,1,"-0,71875",отрицательное
1547,прочность,1,"0,9643",положительное
1548,расслаблять,1,"0,6707",положительное
1549,духовный,1,"0,7562",положительное
1550,горе,1,"-1,0",отрицательное
1551,чесаться,1,"-0,6447499999999999",отрицательное
1552,неудача,1,"-1,0",отрицательное
1553,болтать,1,"-0,5403",отрицательное
1554,фанат,1,"0,7105",положительное
1555,воплощать,1,"0,7437",положительное
1556,перегружаться,1,"-0,7738499999999999",отрицательное
1557,бессонный,1,"-0,95425",отрицательное
1558,нежданный,1,"-0,5086",отрицательное
1559,неуправляемый,1,"-1,0",отрицательное
1560,наглость,1,"-1,0",отрицательное
1561,безнаказанность,1,"-1,0",отрицательное
1562,рискованный,1,"-0,6818",отрицательное
1563,преданность,1,"1,0",положительное
1564,сплетня,1,"-1,0",отрицательное
1565,беречь,1,"1,0",положительное
1566,обида,1,"-1,0",отрицательное
1567,беспокойство,1,"-0,9152",отрицательное
1568,пробка,1,"-0,5995",отрицательное
1569,неудобство,1,"-1,0",отрицательное
1570,откликнуться,1,"0,7154",положительное
1571,успокоительный,1,"0,6692",положительное
1572,беспричинный,1,"-0,55",отрицательное
1573,караул,1,"-0,95",отрицательное
1574,загруженность,1,"-0,775",отрицательное
1575,предновогодний,1,"0,9783",положительное
1576,грипп,1,"-1,0",отрицательное
1577,шутка,1,"0,7913",положительное
1578,приз,1,"0,9",положительное
1579,одиночка,1,"-0,7237",отрицательное
1580,материнство,1,"0,9878",положительное
1581,победитель,1,"1,0",положительное
1582,сочный,1,"0,9",положительное
1583,согревать,1,"1,0",положительное
1584,сытный,1,"1,0",положительное
1585,кормление,1,"0,6778",положительное
1586,счастливчик,1,"1,0",положительное
1587,смачный,1,"0,8588",положительное
1588,влепить,1,"-0,9537",отрицательное
1589,тошнота,1,"-1,0",отрицательное
1590,оговариваться,1,"-0,7976",отрицательное
1591,тернистый,1,"-0,766",отрицательное
1592,осознавать,1,"0,7627",положительное
1593,шутить,1,"0,9706",положительное
1594,милый,1,"1,0",положительное
1595,приветливый,1,"1,0",положительное
1596,располагать,1,"0,9",положительное
1597,помощница,1,"0,9167",положительное
1598,неровность,1,"-0,7691",отрицательное
1599,отслеживание,1,"-0,56915",отрицательное
1600,своевременный,1,"1,0",положительное
1601,коммуникабельный,1,"1,0",положительное
1602,исполнительный,1,"0,7241",положительное
1603,универсальность,1,"0,9375",положительное
1604,тренироваться,1,"0,9",положительное
1605,продуктивность,1,"1,0",положительное
1606,гимнастка,1,"0,6842",положительное
1607,гармония,1,"1,0",положительное
1608,совестный,1,"1,0",положительное
1609,отговаривать,1,"-0,5683",отрицательное
1610,дочитать,1,"0,7241",положительное
1611,приветствовать,1,"0,9107",положительное
1612,юбилейный,1,"0,9167",положительное
1613,зажигательный,1,"0,9828",положительное
1614,впихнуть,1,"-0,7142999999999999",отрицательное
1615,бухнуть,1,"-0,9556",отрицательное
1616,свершиться,1,"0,7105",положительное
1617,объятие,1,"1,0",положительное
1618,потерпеть,1,"-0,5766",отрицательное
1619,напиться,1,"-0,70085",отрицательное
1620,участь,1,"-0,6458999999999999",отрицательное
1621,разводить,1,"-0,6986",отрицательное
1622,гуру,1,"0,7903",положительное
1623,пустышка,1,"-0,72035",отрицательное
1624,успешность,1,"1,0",положительное
1625,разводка,1,"-0,6236999999999999",отрицательное
1626,ляп,1,"-1,0",отрицательное
1627,вредить,1,"-1,0",отрицательное
1628,срываться,1,"-0,9722",отрицательное
1629,укрепляться,1,"0,75",положительное
1630,рациональный,1,"1,0",положительное
1631,бешеный,1,"-1,0",отрицательное
1632,вмешиваться,1,"-0,74585",отрицательное
1633,ликвидировать,1,"-0,95",отрицательное
1634,попадаться,1,"-0,82145",отрицательное
1635,повоевать,1,"-1,0",отрицательное
1636,назревать,1,"-0,6128",отрицательное
1637,острый,1,"-0,60295",отрицательное
1638,приумножить,1,"0,8017",положительное
1639,развитый,1,"1,0",положительное
1640,справедливый,1,"1,0",положительное
1641,восхищаться,1,"1,0",положительное
1642,признательность,1,"1,0",положительное
1643,дурь,1,"-1,0",отрицательное
1644,долбануть,1,"-1,0",отрицательное
1645,выносливость,1,"0,9828",положительное
1646,помешать,1,"-0,84665",отрицательное
1647,взбучка,1,"-1,0",отрицательное
1648,прихрамывать,1,"-0,8884000000000001",отрицательное
1649,мудрый,1,"1,0",положительное
1650,поесть,1,"0,6732",положительное
1651,спешить,1,"-0,59515",отрицательное
1652,трудиться,1,"0,8644",положительное
1653,приостанавливать,1,"-0,55",отрицательное
1654,глупый,1,"-0,95",отрицательное
1655,врываться,1,"-0,8371500000000001",отрицательное
1656,намутить,1,"-0,7426999999999999",отрицательное
1657,лютый,1,"-0,95295",отрицательное
1658,здороваться,1,"0,9118",положительное
1659,забирать,1,"-0,5441",отрицательное
1660,энтузиаст,1,"1,0",положительное
1661,полупустой,1,"-0,51785",отрицательное
1662,отпадать,1,"-0,64625",отрицательное
1663,целовать,1,"1,0",положительное
1664,благотворительность,1,"1,0",положительное
1665,херить,1,"-1,0",отрицательное
1666,нелогичный,1,"-0,9048499999999999",отрицательное
1667,печенька,1,"0,9063",положительное
1668,мусорный,1,"-0,87845",отрицательное
1669,переться,1,"-0,8482000000000001",отрицательное
1670,котёнок,1,"0,9",положительное
1671,тормознуть,1,"-0,7134",отрицательное
1672,котик,1,"1,0",положительное
1673,рыбка,1,"0,7066",положительное
1674,выгореть,1,"-0,9433",отрицательное
1675,титька,1,"-0,5788",отрицательное
1676,обучаться,1,"1,0",положительное
1677,дикий,1,"-0,7988",отрицательное
1678,свидание,1,"0,9",положительное
1679,осознанный,1,"0,9643",положительное
1680,экологический,1,"0,7925",положительное
1681,обрушиться,1,"-0,95",отрицательное
1682,белоснежный,1,"0,6527",положительное
1683,празднование,1,"1,0",положительное
1684,угощаться,1,"0,934",положительное
1685,научаться,1,"0,9",положительное
1686,эффективность,1,"1,0",положительное
1687,исчезнуть,1,"-0,67045",отрицательное
1688,начальство,1,"-0,55075",отрицательное
1689,напрягаться,1,"-0,6475500000000001",отрицательное
1690,расслабиться,1,"0,9079",положительное
1691,отбывание,1,"-0,77965",отрицательное
1692,поощрение,1,"1,0",положительное
1693,прояснение,1,"0,7301",положительное
1694,спокойствие,1,"0,9",положительное
1695,огребать,1,"-1,0",отрицательное
1696,выбраться,1,"0,7174",положительное
1697,слететь,1,"-0,74595",отрицательное
1698,сбежать,1,"-0,72655",отрицательное
1699,трястись,1,"-0,74595",отрицательное
1700,отталкивать,1,"-0,9914000000000001",отрицательное
1701,заразить,1,"-1,0",отрицательное
1702,героиня,1,"0,9",положительное
1703,олимпиец,1,"0,7301",положительное
1704,усвоить,1,"0,9444",положительное
1705,утопить,1,"-0,9527",отрицательное
1706,повыситься,1,"0,9",положительное
1707,обесценить,1,"-1,0",отрицательное
1708,опустить,1,"-0,5254",отрицательное
1709,выскочка,1,"-1,0",отрицательное
1710,позорище,1,"-1,0",отрицательное
1711,разбежаться,1,"-0,53125",отрицательное
1712,дружба,1,"1,0",положительное
1713,привязанность,1,"0,6532",положительное
1714,удерживать,1,"-0,5593",отрицательное
1715,нежелание,1,"-0,95",отрицательное
1716,подстроить,1,"-0,71665",отрицательное
1717,тунеядец,1,"-1,0",отрицательное
1718,безграмотность,1,"-1,0",отрицательное
1719,недостаточность,1,"-0,9597",отрицательное
1720,взаимопомощь,1,"1,0",положительное
1721,уют,1,"1,0",положительное
1722,опытность,1,"1,0",положительное
1723,поощрить,1,"1,0",положительное
1724,отсутствовать,1,"-0,7023999999999999",отрицательное
1725,размазываться,1,"-0,6959500000000001",отрицательное
1726,прикидываться,1,"-0,8848",отрицательное
1727,нервный,1,"-1,0",отрицательное
1728,неузнаваемость,1,"-0,51905",отрицательное
1729,нежный,1,"1,0",положительное
1730,завертеться,1,"-0,61365",отрицательное
1731,мастерский,1,"0,9828",положительное
1732,художник,1,"0,75",положительное
1733,вдохновиться,1,"1,0",положительное
1734,муза,1,"0,9444",положительное
1735,стихийный,1,"-0,7854",отрицательное
1736,волонтёр,1,"0,9444",положительное
1737,значимый,1,"0,9118",положительное
1738,неуважение,1,"-1,0",отрицательное
1739,плевок,1,"-1,0",отрицательное
1740,стыд,1,"-0,8022",отрицательное
1741,курорт,1,"1,0",положительное
1742,игнорироваться,1,"-1,0",отрицательное
1743,тройка,1,"-0,58175",отрицательное
1744,хитрый,1,"-0,6628000000000001",отрицательное
1745,поломать,1,"-1,0",отрицательное
1746,шумный,1,"-0,77895",отрицательное
1747,обломаться,1,"-1,0",отрицательное
1748,покормить,1,"0,7381",положительное
1749,оштрафовать,1,"-0,91665",отрицательное
1750,рейд,1,"-0,6089",отрицательное
1751,мастерски,1,"1,0",положительное
1752,лопаться,1,"-0,6875",отрицательное
1753,лирика,1,"0,7105",положительное
1754,чрезмерный,1,"-0,77805",отрицательное
1755,точный,1,"0,7489",положительное
1756,симпатичный,1,"1,0",положительное
1757,орудие,1,"-0,71225",отрицательное
1758,громкий,1,"-0,58265",отрицательное
1759,аплодисменты,1,"1,0",положительное
1760,неотвратимый,1,"-0,7677",отрицательное
1761,холодный,1,"-0,5086",отрицательное
1762,избавляться,1,"-0,7429",отрицательное
1763,тоска,1,"-1,0",отрицательное
1764,недуг,1,"-1,0",отрицательное
1765,психический,1,"-0,6499999999999999",отрицательное
1766,предусмотрительный,1,"0,9",положительное
1767,заболеваемость,1,"-0,97855",отрицательное
1768,смертность,1,"-0,78125",отрицательное
1769,весна,1,"0,7174",положительное
1770,превзойти,1,"0,9444",положительное
1771,убавить,1,"-0,6285000000000001",отрицательное
1772,изумление,1,"0,6837",положительное
1773,похоронить,1,"-0,95",отрицательное
1774,первенство,1,"0,8208",положительное
1775,вырвать,1,"-0,7827999999999999",отрицательное
1776,христос,1,"0,8271",положительное
1777,спаситель,1,"1,0",положительное
1778,достоинство,1,"1,0",положительное
1779,удовлетворять,1,"0,7689",положительное
1780,желанный,1,"1,0",положительное
1781,оживиться,1,"1,0",положительное
1782,премиальный,1,"1,0",положительное
1783,ущемить,1,"-1,0",отрицательное
1784,поспеть,1,"0,7091",положительное
1785,уводить,1,"-0,7194499999999999",отрицательное
1786,озадачить,1,"-0,53845",отрицательное
1787,умолчать,1,"-0,6282000000000001",отрицательное
1788,отвалиться,1,"-0,771",отрицательное
1789,отсрочить,1,"-0,5438",отрицательное
1790,неприкрытый,1,"-0,7146",отрицательное
1791,уменьшать,1,"-0,5086",отрицательное
1792,козёл,1,"-0,6689",отрицательное
1793,столкнуть,1,"-0,85175",отрицательное
1794,повлечь,1,"-0,51045",отрицательное
1795,расстаться,1,"-0,95",отрицательное
1796,конфетка,1,"1,0",положительное
1797,прекращаться,1,"-0,5803",отрицательное
1798,проголодаться,1,"-0,66065",отрицательное
1799,освобождение,1,"0,9",положительное
1800,заработок,1,"0,9",положительное
1801,сгинуть,1,"-1,0",отрицательное
1802,замедлить,1,"-0,55",отрицательное
1803,комфортность,1,"1,0",положительное
1804,издевательский,1,"-1,0",отрицательное
1805,совать,1,"-0,6511",отрицательное
1806,вникать,1,"0,6681",положительное
1807,отстрел,1,"-1,0",отрицательное
1808,живучий,1,"0,9057",положительное
1809,отвергнуть,1,"-1,0",отрицательное
1810,пропускать,1,"-0,6182000000000001",отрицательное
1811,тюльпан,1,"0,6527",положительное
1812,запоминание,1,"0,6522",положительное
1813,пулять,1,"-0,80555",отрицательное
1814,расхождение,1,"-0,675",отрицательное
1815,желтизна,1,"-0,6000000000000001",отрицательное
1816,недопустимый,1,"-0,875",отрицательное
1817,раздор,1,"-1,0",отрицательное
1818,взаимосвязь,1,"0,7119",положительное
1819,несоответствие,1,"-0,8552500000000001",отрицательное
1820,лаконичный,1,"0,9167",положительное
1821,творец,1,"0,9138",положительное
1822,расползаться,1,"-0,6474500000000001",отрицательное
1823,стоящий,1,"0,6654",положительное
1824,лекарство,1,"1,0",положительное
1825,уберечь,1,"1,0",положительное
1826,грамота,1,"0,7437",положительное
1827,отвага,1,"1,0",положительное
1828,решимость,1,"0,9",положительное
1829,собачий,1,"-0,5326",отрицательное
1830,добыча,1,"0,7091",положительное
1831,высасывать,1,"-0,62265",отрицательное
1832,кроха,1,"0,7627",положительное
1833,названивать,1,"-0,9561999999999999",отрицательное
1834,закатить,1,"-0,6321",отрицательное
1835,магазинчик,1,"0,6545",положительное
1836,канализация,1,"-0,6356999999999999",отрицательное
1837,позорный,1,"-1,0",отрицательное
1838,спам,1,"-0,9597",отрицательное
1839,пенять,1,"-0,89405",отрицательное
1840,разрабатываться,1,"0,6667",положительное
1841,обеспечивать,1,"0,6628",положительное
1842,иск,1,"-0,783",отрицательное
1843,незаконный,1,"-1,0",отрицательное
1844,нерабочий,1,"-0,8815999999999999",отрицательное
1845,отстаивать,1,"0,6504",положительное
1846,эпидемия,1,"-0,9914000000000001",отрицательное
1847,напрягать,1,"-0,95",отрицательное
1848,непонятность,1,"-0,67855",отрицательное
1849,подгорать,1,"-0,9722",отрицательное
1850,вырываться,1,"-0,5513",отрицательное
1851,ирония,1,"-0,7222",отрицательное
1852,самостоятельный,1,"0,9444",положительное
1853,предотвращение,1,"0,7432",положительное
1854,благотворительный,1,"1,0",положительное
1855,грант,1,"0,9167",положительное
1856,благодарственный,1,"1,0",положительное
1857,рождество,1,"1,0",положительное
1858,баран,1,"-0,5660499999999999",отрицательное
1859,рекламировать,1,"-0,52",отрицательное
1860,нежилой,1,"-0,55",отрицательное
1861,окупаться,1,"0,7286",положительное
1862,останавливать,1,"-0,5311",отрицательное
1863,продумать,1,"0,6985",положительное
1864,кот,1,"0,7162",положительное
1865,закопать,1,"-0,5184",отрицательное
1866,страдание,1,"-1,0",отрицательное
1867,вразумительный,1,"1,0",положительное
1868,повестись,1,"-0,8713500000000001",отрицательное
1869,напихать,1,"-0,6877500000000001",отрицательное
1870,обман,1,"-1,0",отрицательное
1871,зануда,1,"-0,95835",отрицательное
1872,ром,1,"-0,53185",отрицательное
1873,устранение,1,"-0,67855",отрицательное
1874,барьер,1,"-0,5625",отрицательное
1875,опасаться,1,"-0,97285",отрицательное
1876,деться,1,"-0,64795",отрицательное
1877,замечание,1,"-0,8620000000000001",отрицательное
1878,огреть,1,"-0,89585",отрицательное
1879,просвет,1,"0,7435",положительное
1880,донашивать,1,"-0,60215",отрицательное
1881,залететь,1,"-0,72725",отрицательное
1882,разглашать,1,"-0,7834",отрицательное
1883,защитный,1,"0,8478",положительное
1884,изолировать,1,"-0,7845",отрицательное
1885,серийный,1,"-0,5086",отрицательное
1886,стойкий,1,"1,0",положительное
1887,мёртвый,1,"-0,875",отрицательное
1888,ломать,1,"-0,8928499999999999",отрицательное
1889,мирный,1,"1,0",положительное
1890,геройский,1,"1,0",положительное
1891,тортик,1,"0,9444",положительное
1892,мурашка,1,"-0,50985",отрицательное
1893,усердный,1,"1,0",положительное
1894,подавлять,1,"-0,85375",отрицательное
1895,дороговатый,1,"-0,8855",отрицательное
1896,деваться,1,"-0,64795",отрицательное
1897,соратник,1,"0,9194",положительное
1898,просвещение,1,"0,9643",положительное
1899,интернат,1,"-0,6474500000000001",отрицательное
1900,вознаграждение,1,"1,0",положительное
1901,гуманный,1,"1,0",положительное
1902,дурацкий,1,"-1,0",отрицательное
1903,солнечный,1,"1,0",положительное
1904,изобретательство,1,"0,9",положительное
1905,усовершенствовать,1,"1,0",положительное
1906,лидировать,1,"0,9444",положительное
1907,стыдный,1,"-0,95",отрицательное
1908,мизерный,1,"-0,7375",отрицательное
1909,непривычный,1,"-0,5916",отрицательное
1910,псих,1,"-1,0",отрицательное
1911,кинуться,1,"-0,71365",отрицательное
1912,пожар,1,"-0,9722",отрицательное
1913,завал,1,"-0,95",отрицательное
1914,восстанавливать,1,"1,0",положительное
1915,правота,1,"0,9",положительное
1916,братский,1,"1,0",положительное
1917,упоение,1,"0,8056",положительное
1918,насилие,1,"-1,0",отрицательное
1919,красный,1,"-0,58195",отрицательное
1920,призвание,1,"0,907",положительное
1921,прокачать,1,"0,8276",положительное
1922,суметь,1,"1,0",положительное
1923,интеллектуальный,1,"1,0",положительное
1924,нудный,1,"-1,0",отрицательное
1925,дисциплина,1,"0,9",положительное
1926,застыть,1,"-0,53945",отрицательное
1927,функциональный,1,"0,9",положительное
1928,романтический,1,"1,0",положительное
1929,заманивать,1,"-0,7946500000000001",отрицательное
1930,фан,1,"0,7105",положительное
1931,диабет,1,"-1,0",отрицательное
1932,разбиваться,1,"-0,98915",отрицательное
1933,божественный,1,"1,0",положительное
1934,бешенство,1,"-1,0",отрицательное
1935,несвойственный,1,"-0,6286499999999999",отрицательное
1936,процветать,1,"1,0",положительное
1937,развлекать,1,"1,0",положительное
1938,греть,1,"0,6969",положительное
1939,потушить,1,"0,6707",положительное
1940,равноправие,1,"0,7759",положительное
1941,кулинария,1,"0,6563",положительное
1942,вечерок,1,"0,684",положительное
1943,дивный,1,"1,0",положительное
1944,зависнуть,1,"-0,7239500000000001",отрицательное
1945,забурлить,1,"-0,55",отрицательное
1946,закипеть,1,"-0,59615",отрицательное
1947,восторженный,1,"1,0",положительное
1948,прерываться,1,"-0,58335",отрицательное
1949,непоследовательный,1,"-0,80265",отрицательное
1950,расстрел,1,"-1,0",отрицательное
1951,затаить,1,"-0,81965",отрицательное
1952,добить,1,"-0,8606",отрицательное
1953,скрашивать,1,"0,8551",положительное
1954,гладиатор,1,"-0,61375",отрицательное
1955,радостный,1,"1,0",положительное
1956,неоценимый,1,"0,9167",положительное
1957,помучиться,1,"-1,0",отрицательное
1958,зарекомендовать,1,"0,7791",положительное
1959,сосредоточиться,1,"0,9231",положительное
1960,заколебать,1,"-1,0",отрицательное
1961,аккуратный,1,"1,0",положительное
1962,финишировать,1,"0,6667",положительное
1963,кислота,1,"-0,6346",отрицательное
1964,наворотить,1,"-1,0",отрицательное
1965,отбить,1,"-0,7258",отрицательное
1966,хреновый,1,"-1,0",отрицательное
1967,достижимый,1,"0,9",положительное
1968,дура,1,"-1,0",отрицательное
1969,обожание,1,"1,0",положительное
1970,выпятить,1,"-0,7053499999999999",отрицательное
1971,напоказ,1,"-0,7414000000000001",отрицательное
1972,достаток,1,"1,0",положительное
1973,человечность,1,"1,0",положительное
1974,обнять,1,"1,0",положительное
1975,пополнение,1,"0,7154",положительное
1976,исправность,1,"1,0",положительное
1977,рассекать,1,"-0,57845",отрицательное
1978,энтузиазм,1,"1,0",положительное
1979,предатель,1,"-1,0",отрицательное
1980,воровать,1,"-1,0",отрицательное
1981,слуга,1,"-0,6735",отрицательное
1982,добровольный,1,"0,9098",положительное
1983,беззащитный,1,"-0,6755500000000001",отрицательное
1984,авантюризм,1,"-0,63765",отрицательное
1985,охнуть,1,"-0,55505",отрицательное
1986,поздравление,1,"1,0",положительное
1987,собачка,1,"0,9211",положительное
1988,дочка,1,"0,684",положительное
1989,доктор,1,"0,7326",положительное
1990,воспитание,1,"0,9",положительное
